Country Name,Country Code,Indicator Name,1990,1991,1992,1993,1994,1995,1996,1997,1998,1999,2000,2001,2002,2003,2004,2005,2006,2007,2008,2009,2010,2011,2012,2013,2014
Aruba,ABW,Access to electricity (% of population),88.9610443115234,89.2513427734375,89.5411911010742,89.8283386230469,90.1100692749023,90.3836898803711,90.6464767456055,90.8957443237305,91.1287689208984,91.3439559936523,91.6603980031457,91.7331085205078,91.9148635864258,92.0932769775391,92.2722473144531,92.4556655883789,92.6474304199219,92.8505096435547,93.0640869140625,93.2864151000977,93.3562921509542,93.7503128051758,93.9883880615234,94.2282104492188,94.4683227539063
Afghanistan,AFG,Access to electricity (% of population),,,,,,,,,,0.016870928928256,0.163712739944458,1.006098985672,3.46720504760742,7.20917892456055,13.9691715240479,23,27.5064105987549,34.2905120849609,42.4,47.8884658813477,42.7,61.5144195556641,69.1,75.1543731689453,89.5
Angola,AGO,Access to electricity (% of population),47.8336296081543,47.261116027832,46.6881484985352,46.1124801635742,45.5313949584961,44.942195892334,44.3421745300293,43.7286224365234,43.0988349914551,42.4512062072754,41.7885398864746,41.1147270202637,40.4336700439453,39.749267578125,39.0654182434082,38.3860244750977,37.7149772644043,37.5,36.4059982299805,35.7655067443848,35.1320190429688,34.6,33.879035949707,33.256046295166,32
Albania,ALB,Access to electricity (% of population),100,100,100,100,100,100,100,100,100,100,100,100,100,100,100,100,100,100,100,100,100,100,100,100,100
Andorra,AND,Access to electricity (% of population),100,100,100,100,100,100,100,100,100,100,100,100,100,100,100,100,100,100,100,100,100,100,100,100,100
Arab World,ARB,Access to electricity (% of population),76.1486980045178,76.5635451421647,74.0668664914842,74.8460702738582,75.3039349529895,76.0423297978457,76.7685691928675,77.1470797698886,77.9857917976911,78.5530124003906,79.2361658071003,79.7682939816334,80.2295925099852,80.9683547098409,82.6287938097815,83.3519794065984,83.7879013367438,84.3916648755251,85.0422475454199,84.6553377205074,85.9553450726608,86.3923126926718,86.8469662172625,87.6049612449114,88.0391247490188
United Arab Emirates,ARE,Access to electricity (% of population),100,100,100,100,100,100,100,100,100,100,100,100,100,100,100,100,100,100,100,100,100,100,100,100,100
Argentina,ARG,Access to electricity (% of population),90.7590866088867,91.2247314453125,91.6899185180664,92.1524047851563,92.6094818115234,93.0584335327148,93.4965667724609,93.9211730957031,94.3295440673828,94.7200698852539,95.0955581665039,95.5110634674458,95.817008972168,96.1707611083984,96.5250701904297,96.8838272094727,97.2509384155273,97.6293563842773,98.0248184204102,98.4211883544922,98.82,99.2201919555664,99.5730590820313,99.83154296875,100
Armenia,ARM,Access to electricity (% of population),97.251823425293,97.4521865844727,97.6521072387695,97.8493194580078,98.0350341796875,98.2166900634766,98.3875350952148,98.5450592041016,98.6874313354492,98.8143081665039,98.9,100,98,99.2153549194336,99.3073043823242,99.8,99.5071563720703,99.619987487793,99.7395172119141,99.8528900146484,99.8,99.9835433959961,99.9979400634766,100,100
American Samoa,ASM,Access to electricity (% of population),,,,,,,,,,,,,,,,,,,,,,,,,
Antigua and Barbuda,ATG,Access to electricity (% of population),81.7630310058594,82.4355239868164,83.1075668334961,83.7769088745117,84.4408340454102,85.0966491699219,85.7416305541992,86.3730926513672,86.9883117675781,87.5857009887695,88.1680374145508,88.7392349243164,89.3031921386719,89.8638000488281,90.4249572753906,90.9905776977539,91.5645370483398,92.1498107910156,92.7455825805664,93.35009765625,93.9616165161133,94.5520140336941,95.1986541748047,95.8206787109375,96.442985534668
Australia,AUS,Access to electricity (% of population),100,100,100,100,100,100,100,100,100,100,100,100,100,100,100,100,100,100,100,100,100,100,100,100,100
Austria,AUT,Access to electricity (% of population),100,100,100,100,100,100,100,100,100,100,100,100,100,100,100,100,100,100,100,100,100,100,100,100,100
Azerbaijan,AZE,Access to electricity (% of population),93.8162384033203,94.2689971923828,94.721305847168,95.1709136962891,95.615104675293,96.0511856079102,96.476432800293,96.8881607055664,97.2836456298828,97,98.0155639648438,98.3699340820313,100,99.0592803955078,99.3883361816406,99.6729049682617,99.5,99.9670104980469,99.9960632324219,100,100,100,100,100,100
Burundi,BDI,Access to electricity (% of population),1.45345509052277,1.73371553421021,2.01352500915527,2.2906289100647,2.56232094764709,2.8258957862854,3.07864737510681,3.3178699016571,3.9,3.74600553512573,3.93611145019531,4.115074634552,4.28679275512695,4.45516586303711,4.62409162521362,4.79746913909912,4.97919702529907,5.17223310470581,4.8,5.58805322647095,5.3,6.03187131881714,6.5,6.48968839645386,7
Belgium,BEL,Access to electricity (% of population),100,100,100,100,100,100,100,100,100,100,100,100,100,100,100,100,100,100,100,100,100,100,100,100,100
Benin,BEN,Access to electricity (% of population),7.22771310806274,8.59543514251709,9.96270561218262,11.3272705078125,12.6864233016968,14.0374593734741,14.5,16.7043552398682,18.0148048400879,19.3074131011963,20.584981918335,21.9,23.1105842590332,24.366418838501,25.6228065490723,26.8836441040039,27.9,29.4333305358887,30.7243270874023,32.0240745544434,34.2,36.9,38.4,37.2755546569824,34.1
Burkina Faso,BFA,Access to electricity (% of population),2.75282740592957,3.42968320846558,4.10608816146851,6.1,5.44807481765747,6.10824489593506,6.75759172439575,7.39340972900391,8.01299285888672,6.9,9.20143795013428,9.77699565887451,10.3453102111816,11.4,11.4757995605469,12.0457725524902,12.624095916748,13.2137269973755,13.8138570785522,14.4227380752563,13.1,15.6597461700439,16.2843761444092,16.9107551574707,19.2
Bangladesh,BGD,Access to electricity (% of population),7.57631158828735,9.99732494354248,12.4178876876831,14.8357439041138,17.8,19.6525173187256,22.0460205078125,22.4,26.789737701416,29.1356372833252,32,33.7862129211426,36.0986824035645,38.4078102111816,40.6,44.23,45.3540992736816,46.5,50.0321769714355,52.3852157592773,55.26,59.6,59.4793243408203,61.5,62.4
Bulgaria,BGR,Access to electricity (% of population),100,100,100,100,100,100,100,100,100,100,100,100,100,100,100,100,100,100,100,100,100,100,100,100,100
Bahrain,BHR,Access to electricity (% of population),,,,,,,,,,,,100,100,100,100,100,100,100,100,100,100,100,100,100,100
"Bahamas, The",BHS,Access to electricity (% of population),90.2691192626953,90.8325042724609,91.3954467773438,91.9556732177734,92.5104904174805,93.0571975708008,93.5930709838867,94.1154174804688,94.6215362548828,95.1098098754883,95.5830459594727,96.065547,96.4999771118164,96.9514770507813,97.4035263061523,97.8600311279297,98.3327484130859,98.8042602539063,99.2550964355469,99.626708984375,99.8636627197266,99.9685363769531,99.9966125488281,100,100
Bosnia and Herzegovina,BIH,Access to electricity (% of population),96.2652282714844,96.5352783203125,96.8048706054688,97.0717620849609,97.3332443237305,97.5866088867188,97.8291473388672,98.0462265014648,98.2582855224609,98.454833984375,98.6374282836914,99.4,98.5,99.1345977783203,99.2962265014648,99.4620666503906,99.6318817138672,99.7,99.9121551513672,99.9764099121094,99.9970397949219,100,100,100,100
Belarus,BLR,Access to electricity (% of population),100,100,100,100,100,100,100,100,100,100,100,100,100,100,100,100,100,100,100,100,100,100,100,100,100
Belize,BLZ,Access to electricity (% of population),77.6163940429688,78.2953414916992,78.9738464355469,79.6496353149414,80.3200149536133,80.9822845458984,81.6337203979492,82.2716369628906,82.893310546875,83.4971466064453,84.0859451293945,84.6635971069336,85.2340087890625,85.8010711669922,86.3686828613281,86.9407501220703,87.5211639404297,88.1128921508789,88.7151184082031,89.3260955810547,89.9172243747798,90.5672912597656,91.1940155029297,91.8224868774414,92.4512481689453
Bermuda,BMU,Access to electricity (% of population),100,100,100,100,100,100,100,100,100,100,100,100,100,100,100,100,100,100,100,100,100,100,100,100,100
Bolivia,BOL,Access to electricity (% of population),54.7538414001465,56.3033142089844,57.8523368835449,59.3986511230469,64.1,62.4723434448242,63.9943084716797,67.330431,71.2,70.929888,69.963045,69.258539,63.996855,72.3,75.6934509277344,68.288209,76.211281,80.156567,84.674991,86.765597,84.4919738769531,88.335943,90.387375,89.505686,90.038729
Brazil,BRA,Access to electricity (% of population),87.475116,89.6813354492188,88.803833,89.999927,91.3676910400391,91.728598,92.867095,93.354139,94.193812,94.76296,94.4569702148438,96.016528,96.652996,96.980098,96.765107,97.093513,97.594314,98.125382,98.526625,98.856938,99.1600646972656,99.328691,99.519494,99.575151,99.650247
Barbados,BRB,Access to electricity (% of population),,,,,,,,,,,100,100,100,100,100,100,100,100,100,100,100,100,100,100,100
Brunei Darussalam,BRN,Access to electricity (% of population),100,100,100,100,100,100,100,100,100,100,100,100,100,100,100,100,100,100,100,100,100,100,100,100,100
Bhutan,BTN,Access to electricity (% of population),,0.0343403071165085,0.26030358672142,1.18468916416168,1.56777966022491,6.68275260925293,11.7869024276733,16.8775234222412,21.9519081115723,27.0084552764893,32.0499572753906,37.0803184509277,42.1034355163574,41.1,52.1435317993164,59.8081116441343,62.2014350891113,71.8,72.3008041381836,77.3644866943359,82.4351654052734,87.511100769043,91.5,97.6717147827148,100
Botswana,BWA,Access to electricity (% of population),5.807373046875,10.1,10.1514949798584,12.3206243515015,14.4843425750732,16.6399440765381,18.7847213745117,20.9159698486328,23.0309829711914,25.1281566619873,27.2102890014648,24.8,31.3450222015381,33.4054183959961,35.4663734436035,37.5317764282227,39.6055297851563,41.6905899047852,43.1,45.8904647827148,48.0017738342285,53.24,52.2383918762207,54.3602027893066,56.4823036193848
Central African Republic,CAF,Access to electricity (% of population),0.398507952690125,0.956472992897034,1.51398706436157,2.0687952041626,2.61819195747375,3,3.68992733955383,4.20685434341431,4.70754671096802,5.19039916992188,6,6.11487722396851,6.56430006027222,7.01037740707397,7.45700788497925,7.90808963775635,8.36752223968506,8.8382625579834,9.31950283050537,9.80949211120605,9.8,10.8087186813354,11.3144569396973,11.8219451904297,12.3297252655029
Canada,CAN,Access to electricity (% of population),100,100,100,100,100,100,100,100,100,100,100,100,100,100,100,100,100,100,100,100,100,100,100,100,100
Central Europe and the Baltics,CEB,Access to electricity (% of population),100,100,100,100,100,100,100,100,100,100,100,100,100,100,100,100,100,100,100,100,100,100,100,100,100
Switzerland,CHE,Access to electricity (% of population),100,100,100,100,100,100,100,100,100,100,100,100,100,100,100,100,100,100,100,100,100,100,100,100,100
Channel Islands,CHI,Access to electricity (% of population),100,100,100,100,100,100,100,100,100,100,100,100,100,100,100,100,100,100,100,100,100,100,100,100,100
Chile,CHL,Access to electricity (% of population),92.257427,94.0789489746094,94.560057,94.8113250732422,95.1707458496094,95.5220489501953,95.617315,96.1894836425781,97.241124,96.7930755615234,97.938687,97.3376007080078,97.5970458984375,98.782325,98.1131286621094,98.3769683837891,99.368108,98.9288101196289,99.2168960571289,99.593662,99.7386016845703,99.588193,99.9754486083984,99.6,100
China,CHN,Access to electricity (% of population),89.3948059082031,89.9669876098633,90.5387115478516,91.1077346801758,91.6713485717773,92.2268447875977,92.7715148925781,93.3026580810547,93.8175659179688,94.3146286010742,94.7966537475586,95.2675399780273,95.7311782836914,96.1914672851563,96.6523132324219,97.1176071166992,97.5912551879883,98.0838775634766,98.5765914916992,99.0616607666016,99.7,99.7942657470703,99.9468460083008,99.9935455322266,100
Cote d'Ivoire,CIV,Access to electricity (% of population),36.6594924926758,37.787281036377,38.9146156311035,40.039249420166,36.5,42.2695693969727,43.3698501586914,44.456600189209,45.5271148681641,48.2,47.6174240112305,48.6439170837402,51.4,50.6790618896484,51.6955146789551,58.9,53.745677947998,54.7862396240234,55.8373031616211,56.8971138000488,57.9639282226563,59.0359878540039,55.8,61.1888618469238,61.9
Cameroon,CMR,Access to electricity (% of population),30.0637989044189,29,32.4811058044434,33.686824798584,34.887134552002,36.0793266296387,37.2606964111328,38.4285354614258,40.7,40.7139053344727,41,46.2,44.0405464172363,45.1375350952148,47.1,47.3370742797852,49,48.2,50.7012252807617,51.8421287536621,52.9900321960449,53.7,55.2998313903809,56.4582328796387,56.8
"Congo, Dem. Rep.",COD,Access to electricity (% of population),,0.59218841791153,1.30278789997101,2.01068162918091,2.71316385269165,3.40752863883972,4.0910701751709,4.76108264923096,5.41486024856567,6.0507984161377,6.7,7.28144693374634,7.88395547866821,8.48311805725098,9.08283424377441,6,10.2995195388794,15.2,11.5576705932617,12.2007455825806,12.8508195877075,13.5061435699463,15.4,14.8255405426025,13.5
"Congo, Rep.",COG,Access to electricity (% of population),17.7301692962646,18.8506164550781,19.9706134796143,21.0879039764404,22.1997814178467,23.3035430908203,24.3964824676514,25.4758911132813,26.5390663146973,27.5844020843506,28.6146945953369,29.6338443756104,30.6457500457764,31.6543083190918,32.6634216308594,33.8,34.698902130127,35.7321243286133,36.7758445739746,37.1,38.8877868652344,39.9525108337402,41.6,42.0907020568848,43.160961151123
Colombia,COL,Access to electricity (% of population),89.9,90.7104644775391,91.0986480712891,91.4841232299805,91.8641891479492,91.2,92.5972595214844,92.9448547363281,93.2762145996094,93.5897369384766,95.2,94.1755447387695,94.4556350708008,94.7323837280273,95.0096817016602,96.8,95.5815277099609,95.8829345703125,96.806763,96.057229,96.788995,96.6936,97.032176,97.779418,97.790938
Comoros,COM,Access to electricity (% of population),14.416784286499,16.9504299163818,19.4836235046387,22.0141124725342,24.5391883850098,27.0561466217041,28.9,32.0548896789551,34.5312614440918,36.9897956848145,39.4332847595215,41.8656349182129,44.8,46.7124938964844,49.1348037719727,51.5615653991699,53.9966773986816,56.4430999755859,58.9000205993652,61.3656883239746,63.8383560180664,66.316276550293,69.3,71.2808609008789,73.7643203735352
Cabo Verde,CPV,Access to electricity (% of population),28.2606830596924,30.9018173217773,33.5425033569336,36.1804809570313,38.813045501709,41.4374961853027,44.0511207580566,46.6512184143066,49.2350807189941,51.8011016845703,54.3520851135254,56.8919219970703,58.6,61.9537620544434,64.4835586547852,67,69.560417175293,72.1143264770508,74.6787338256836,77.2518920898438,81.1,82.4174575805664,85.0063705444336,87.5970306396484,90.1879730224609
Costa Rica,CRI,Access to electricity (% of population),97.2400970458984,97.403564453125,97.5665893554688,97.7269058227539,97.8818130493164,98.0286026000977,98.1645660400391,98.2870025634766,98.3932037353516,98.4815673828125,98.5548858642578,98.24978,98.509188,98.695902,98.954779,99.053051,99.147523,99.217998,99.263937,99.409804,98.995734,99.232348,99.503298,99.563517,99.359291
Caribbean small states,CSS,Access to electricity (% of population),76.2388611353229,79.2019201445733,80.0810476170439,81.0907827243053,81.7927038286987,82.6356547870621,85.4222349785145,84.2855521294899,85.0559251327768,86.1967729486015,87.1708688815689,88.8065130052352,88.7707132437845,89.3154638303821,90.0145266308527,90.6095105178333,91.4274143976001,92.1377693001144,93.0091478718944,93.272557805746,94.2567774923434,93.5696097234588,95.4466750425315,95.9866211910923,96.8275326397857
Cuba,CUB,Access to electricity (% of population),92.0659790039063,92.5881195068359,93.1098022460938,93.628791809082,94.1423645019531,94.647819519043,95.142448425293,95.6235504150391,96.0884170532227,96.5354461669922,97,97.3882751464844,97.801872253418,98.2125396728516,98.6262512207031,99.0388946533203,99.4251480102539,99.7299041748047,99.9103088378906,99.9819030761719,99.9983825683594,100,100,100,100
Curacao,CUW,Access to electricity (% of population),100,100,100,100,100,100,100,100,100,100,100,100,100,100,100,100,100,100,100,100,100,100,100,100,100
Cayman Islands,CYM,Access to electricity (% of population),100,100,100,100,100,100,100,100,100,100,100,100,100,100,100,100,100,100,100,100,100,100,100,100,100
Cyprus,CYP,Access to electricity (% of population),100,100,100,100,100,100,100,100,100,100,100,100,100,100,100,100,100,100,100,100,100,100,100,100,100
Czech Republic,CZE,Access to electricity (% of population),100,100,100,100,100,100,100,100,100,100,100,100,100,100,100,100,100,100,100,100,100,100,100,100,100
Germany,DEU,Access to electricity (% of population),100,100,100,100,100,100,100,100,100,100,100,100,100,100,100,100,100,100,100,100,100,100,100,100,100
Djibouti,DJI,Access to electricity (% of population),63.3589401245117,62.7267913818359,62.0941886901855,61.4588851928711,60.8181648254395,60.1693305969238,62,58.836483001709,58.1470603942871,57.4397964477539,56.7174911499023,55.9840469360352,49.7,54.4993171691895,53.7558326721191,53.0167999267578,55.5,51.5667419433594,50.8578643798828,50.1577415466309,49.4646148681641,48.7767372131348,48.0923614501953,47.4097328186035,46.7273979187012
Dominica,DMA,Access to electricity (% of population),65.4703063964844,67.022819519043,68.5748748779297,70.1242370605469,71.6681823730469,73.2040023803711,74.7290115356445,76.2404861450195,75,79.2131271362305,80.6754837036133,82.1267013549805,87.7,85.0112991333008,86.4524765014648,87.8981018066406,89.3520812988281,90.8173751831055,90.9,93.7776947021484,95.2692337036133,96.7660217285156,98.1088409423828,99.1929702758789,100
Denmark,DNK,Access to electricity (% of population),100,100,100,100,100,100,100,100,100,100,100,100,100,100,100,100,100,100,100,100,100,100,100,100,100
Dominican Republic,DOM,Access to electricity (% of population),79.1123352050781,78.2,81.0009307861328,81.9422988891602,82.8782501220703,83.8060836791992,84.7230987548828,85.6265869140625,86.5138320922852,91,88.764932,89.791362,89.749814,89.173808,90.316567,90.141224,90.118148,96.876342,97.576197,97.85776,98.145414,97.898872,97.86705,98.385853,98.470979
Algeria,DZA,Access to electricity (% of population),92.9900512695313,93.3932571411133,93.796012878418,94.1960525512695,94.590690612793,94.9772109985352,95.3529052734375,95.7150650024414,96.0609970092773,96.3890838623047,96.7021331787109,97.0040435791016,97.298698425293,97.5900192260742,97.8818893432617,98.1842651367188,98.4907379150391,98.8065185546875,99.3,99.4438934326172,99.7111740112305,99.8895416259766,99.9730834960938,99.9969177246094,100
East Asia & Pacific (excluding high income),EAP,Access to electricity (% of population),80.7327797708171,79.5599235712967,81.8354123876999,81.4303878713301,82.8404670060842,83.8631644332758,85.0842390717068,86.3772041829979,87.2175574077094,88.0269165342364,88.8269399924854,89.3419550494412,90.0331064137315,90.5011255650836,91.1640142304834,91.6095871783165,92.5007120392724,92.9716536669859,93.7214087422194,94.3204081358491,95.0135683732206,95.364652885318,95.7673489705228,95.9297152453699,96.1816471659376
Early-demographic dividend,EAR,Access to electricity (% of population),55.9550868926273,53.6135257770648,56.1308441190395,57.0705141598857,58.2360152961768,59.6316646359466,61.1935360269546,62.9258516368937,64.0522138819186,66.3227693822923,66.8413983099124,65.4673661579485,68.9510330738712,69.9990311539677,71.0477423515264,72.3227321037092,73.7325648559613,74.9015887287908,76.0283902023689,78.5078995282838,79.4835966146426,76.4457370956477,82.1052432809834,81.5744874821051,82.7856357845919
East Asia & Pacific,EAS,Access to electricity (% of population),82.4225537131233,81.3287077406599,83.3937820072829,83.0110796563695,84.2949197746741,85.5737444995396,86.6585629666226,87.8071851971997,88.5521311559724,89.2700102871354,89.9816253241568,90.4394487044243,91.055447049649,91.4712795571203,92.0622658082389,92.4584076566205,93.2569079797494,93.6780755279783,94.3514885575311,94.8888296367127,95.5111209674887,95.8254817599556,96.1866487569934,96.3313290142476,96.5570440096035
Europe & Central Asia (excluding high income),ECA,Access to electricity (% of population),96.3457867014097,96.554732873603,96.7650105539592,96.9787067960512,97.1928751904154,97.4659715440602,97.6290144175797,97.8198147863029,98.0179052080403,98.1055548566518,98.3939640716948,98.5816179138202,98.75828915151,98.9325374609601,99.0793074342301,99.251979045937,99.4043189713271,99.5933513662016,99.7126262440094,99.8407051721203,99.9542963376116,99.9600815654311,99.9716502997502,99.9897643468233,99.9969631758992
Europe & Central Asia,ECS,Access to electricity (% of population),98.3081398300462,98.4042364994588,98.5017744220771,98.60079286753,98.7007834120598,98.8279772919585,98.9044086718124,98.9930482637741,99.0852138551342,99.1266666535919,99.2603930736896,99.3481275858552,99.430814162922,99.511782999747,99.5797906919016,99.6592814980577,99.7291337865484,99.815431452218,99.8697445658214,99.9277815401411,99.9792567390427,99.981832817745,99.9870801175073,99.9953294566602,99.9986127800364
Ecuador,ECU,Access to electricity (% of population),88.8142547607422,89.2984008789063,89.782096862793,90.2630844116211,90.7386627197266,89.830167,91.6627578735352,92.1058654785156,92.726642,93.071434,93.3357620239258,93.7186126708984,94.0942153930664,94.973044,94.8392791748047,95.83265,96.315259,96.812618,97.206576,96.470862,97.462142,96.872699,97.194929,98.034674,98.976067
"Egypt, Arab Rep.",EGY,Access to electricity (% of population),93.79931640625,94.1707916259766,93.4,94.9101181030273,95.2730255126953,95.5,95.9717712402344,96.3022003173828,96.6164016723633,96.9127578735352,97.7,97.4642486572266,97.7271728515625,98.8,98.2502136230469,99.4,99.04,99.0763320922852,99.8,99.6351013183594,99.8406372070313,99.9535369873047,99.99267578125,99.9996490478516,99.8
Euro area,EMU,Access to electricity (% of population),100,100,100,100,100,100,100,100,100,100,100,100,100,100,100,100,100,100,100,100,100,100,100,100,100
Eritrea,ERI,Access to electricity (% of population),17.0594444274902,18.3191909790039,19.5784873962402,20.835075378418,22.086254119873,22.9,24.5615520477295,25.7802619934082,26.9827346801758,28.1673698425293,29.3369617462158,30.4954109191895,32.2,32.7944755554199,33.9428863525391,35.0957489013672,36.2569618225098,37.4294853210449,38.6125068664551,39.8042793273926,41.0030479431152,42.2070693969727,43.4145889282227,44.6238555908203,45.8334197998047
Spain,ESP,Access to electricity (% of population),100,100,100,100,100,100,100,100,100,100,100,100,100,100,100,100,100,100,100,100,100,100,100,100,100
Estonia,EST,Access to electricity (% of population),100,100,100,100,100,100,100,100,100,100,100,100,100,100,100,100,100,100,100,100,100,100,100,100,100
Ethiopia,ETH,Access to electricity (% of population),,1.13580977916718,2.29216575622559,3.44581580162048,4.59405422210693,5.73417520523071,6.86347341537476,7.97924184799194,9.07877635955811,10.1604700088501,12.7,12.2826318740845,13.3308963775635,14.3758163452148,15.4212884902954,14,17.5294857025146,18.5990695953369,19.6791496276855,20.7679805755615,21.8638114929199,23,24.0694713592529,25.175802230835,27.2
European Union,EUU,Access to electricity (% of population),100,100,100,100,100,100,100,100,100,100,100,100,100,100,100,100,100,100,100,100,100,100,100,100,100
Fragile and conflict affected situations,FCS,Access to electricity (% of population),43.8595697821113,34.1308295900424,33.685662466827,34.1379652058499,34.3678445003185,35.3666933396295,36.0299315461544,36.3029078714115,37.1895774154627,35.6848951761068,35.891631670049,36.3111674909168,36.2502378523824,36.389321026811,36.9650845115805,37.8130640933371,38.7278458334962,40.2955352591083,40.5936629768204,40.8970403197503,41.4290631832023,43.1972733852233,44.2737988840492,45.221774336108,46.6043406406055
Finland,FIN,Access to electricity (% of population),100,100,100,100,100,100,100,100,100,100,100,100,100,100,100,100,100,100,100,100,100,100,100,100,100
Fiji,FJI,Access to electricity (% of population),55.2486419677734,57.239330291748,59.2295722961426,61.2171058654785,63.1992263793945,65.1732330322266,66.9,69.086067199707,71.0194854736328,72.93505859375,74.8355941772461,76.7249908447266,78.6071395874023,80,82.3652954101563,84.2490997314453,86.1412582397461,88.9,89.9586944580078,91.8814086914063,93.8111190795898,95.7460861206055,97.6845474243164,98.9159088134766,100
France,FRA,Access to electricity (% of population),100,100,100,100,100,100,100,100,100,100,100,100,100,100,100,100,100,100,100,100,100,100,100,100,100
Faroe Islands,FRO,Access to electricity (% of population),,,,,,,,,,,,,,,,,,,,,,,,,
"Micronesia, Fed. Sts.",FSM,Access to electricity (% of population),27.7145919799805,29.6079063415527,31.500768661499,33.3909225463867,35.2756690979004,37.1522979736328,39.0181007385254,40.8703765869141,42.7064170837402,44.5246162414551,46,48.1197891235352,49.9045600891113,51.6859855651855,53.4679641723633,55.25439453125,57.0491752624512,58.8552627563477,60.6718521118164,62.4971885681152,64.5315202481064,66.1671142578125,68.0082015991211,69.8510360717773,71.6941604614258
Gabon,GAB,Access to electricity (% of population),63.8979530334473,65.0252990722656,66.1521835327148,67.2763671875,68.3951416015625,69.5057983398438,70.6056289672852,71.6919326782227,72.7620010375977,73.8142318725586,73.6,75.8774566650391,76.8962554931641,77.9117126464844,78.9277191162109,81.6,80.9769821166992,82.0170974731445,83.0677185058594,84.127082824707,85.1934432983398,86.2650604248047,89.3,86.4,89.4941940307617
United Kingdom,GBR,Access to electricity (% of population),100,100,100,100,100,100,100,100,100,100,100,100,100,100,100,100,100,100,100,100,100,100,100,100,100
Georgia,GEO,Access to electricity (% of population),99.0038070678711,99.1108016967773,99.2164764404297,99.3190078735352,99.4160461425781,99.5049591064453,99.5830688476563,99.6478424072266,99.6974639892578,99.7314605712891,99.7511138916016,99.7595977783203,99.9,99.7619018554688,99.7623291015625,99.7655410766602,99.7756729125977,99.7955322265625,99.8252563476563,99.863410949707,99.9067001342773,99.9481582641602,100,99.9944763183594,100
Ghana,GHA,Access to electricity (% of population),23.8770198822021,26.0018692016602,28.1262664794922,30.6,32.3642387390137,34.4724044799805,36.5697441101074,38.6535568237305,42.6,42.770866394043,44.8055610656738,46.8291130065918,48.8454208374023,48.3,52.871898651123,54.8898620605469,56.9161796569824,58.9538040161133,60.5,63.0587997436523,65.122673034668,64.06256,69.2644195556641,70.7,78.3
Gibraltar,GIB,Access to electricity (% of population),100,100,100,100,100,100,100,100,100,100,100,100,100,100,100,100,100,100,100,100,100,100,100,100,100
Guinea,GIN,Access to electricity (% of population),8.83064651489258,9.67525291442871,10.5194091796875,11.3608598709106,12.1968975067139,13.0248193740845,13.8419170379639,14.6454858779907,15.4328203201294,16.4,16.95676612854,17.7000751495361,18.4361400604248,19.1688594818115,19.9021320343018,20.2,21.3859310150146,22.1433124542236,22.9111938476563,23.6878261566162,24.47145652771,25.2603359222412,26.2,26.8468475341797,27.6412677764893
"Gambia, The",GMB,Access to electricity (% of population),16.7723178863525,18.1014060974121,19.4300441741943,17.7,22.0764980316162,23.3889007568359,24.6904811859131,25.9785327911377,27.2503490447998,28.5043258666992,34.3,30.9710521697998,32.1915969848633,33.4087982177734,34.6265563964844,35.848762512207,37.0793190002441,38.3211822509766,39.5735473632813,40.834659576416,42.1027717590332,43.3761367797852,44.6529960632324,44.5,47.2105140686035
Guinea-Bissau,GNB,Access to electricity (% of population),,,,,,,,,,,,,,,0.0154853165149689,0.0833956077694893,0.410800874233246,1.29153823852539,2.60095763206482,4.7,6,9.36614799499512,11.6305437088013,13.896689414978,17.2
Equatorial Guinea,GNQ,Access to electricity (% of population),54.8332977294922,55.4244651794434,56.0151824951172,56.6031913757324,57.185791015625,57.7602729797363,58.3239288330078,58.8740577697754,59.4079551696777,59.9240074157715,60.4250221252441,60.9148902893066,61.397518157959,61.8767967224121,62.3566284179688,62.8409118652344,63.3335494995117,63.8374900817871,64.351936340332,64.8751220703125,65.4053192138672,66.1,66.4796981811523,67.0203857421875,67.5613708496094
Greece,GRC,Access to electricity (% of population),100,100,100,100,100,100,100,100,100,100,100,100,100,100,100,100,100,100,100,100,100,100,100,100,100
Grenada,GRD,Access to electricity (% of population),75.6102752685547,76.3043212890625,76.9979095458984,77.6887893676758,78.374267578125,79.0516204833984,79.7181549072266,80.3711547851563,81.007926940918,81.6268539428711,82.2307434082031,82.823486328125,83.4089889526367,83.9911422729492,84.573844909668,85.161003112793,85.7565155029297,86.3633346557617,86.9806518554688,87.6067123413086,88.2397842407227,88.8,89.5199127197266,90.1634750366211,90.8073348999023
Greenland,GRL,Access to electricity (% of population),100,100,100,100,100,100,100,100,100,100,100,100,100,100,100,100,100,100,100,100,100,100,100,100,100
Guatemala,GTM,Access to electricity (% of population),60.1587333679199,61.4288940429688,62.698600769043,63.9655990600586,65.2271881103516,60.8,67.7233123779297,68.9524307250977,70.1653137207031,70.9,73.318205,73.709228515625,78.667838,78.512204,77.1879348754883,78.3512115478516,83.730998,80.7057723999023,81.8992004394531,83.1013870239258,84.3105621337891,84.026414,86.7429275512695,87.9626083374023,85.494371
Guam,GUM,Access to electricity (% of population),,,,,,100,100,100,100,100,100,100,100,100,100,100,100,100,100,100,100,100,100,100,100
Guyana,GUY,Access to electricity (% of population),69.1752395629883,69.8521423339844,70.5285949707031,72.376631,71.8706817626953,72.5309066772461,73.180305480957,73.8161697387695,74.4358062744141,75.03759765625,75.6243515014648,76.1999588012695,76.7683181762695,77.3333358764648,77.8989105224609,77.5,79.0473098754883,79.6369857788086,80.2371673583984,77.6,81.462028503418,82.0832061767578,82.7078857421875,83.3343200683594,86.9
High income,HIC,Access to electricity (% of population),99.8429285888176,99.8709750147718,99.8793952852414,99.8847242443294,99.8916498245176,99.9035150210251,99.906496961494,99.916401254422,99.9335212255288,99.9284358800444,99.9469904359657,99.939590895531,99.9452745486097,99.9645525250392,99.9569052544296,99.9623874645194,99.9792346945081,99.9743303960428,99.9802012936839,99.9876168847814,99.9909310431132,99.9896407647333,99.9965131400138,99.9915252276032,99.9979928138023
"Hong Kong SAR, China",HKG,Access to electricity (% of population),100,100,100,100,100,100,100,100,100,100,100,100,100,100,100,100,100,100,100,100,100,100,100,100,100
Honduras,HND,Access to electricity (% of population),55.1071128845215,54.781937,58.913112,61.100156,64.733947,66.122022,61.68112,64.794754,66.859519,67.394103,67.5087051391602,68.6795654296875,63.141137,65.090464,67.113528,68.903309,71.266448,73.548187,76.396899,78.269685,80.984668,82.195298,83.607727,87.184881,88.653773
Heavily indebted poor countries (HIPC),HPC,Access to electricity (% of population),,12.469044032353,13.1178694436237,13.9200354647474,14.5551415722015,15.5817521490065,16.3840277885129,17.1998706059817,18.0790470922443,17.8523469714551,18.7433520479521,19.2810672608705,19.7245838712634,20.5197075008615,21.7776618153183,21.8708813806682,23.5249329532406,25.0459218408392,25.6429069655955,26.1447565166213,27.295762411442,28.9275103182765,30.0515129707875,30.8704643284401,33.3160156620786
Croatia,HRV,Access to electricity (% of population),100,100,100,100,100,100,100,100,100,100,100,100,100,100,100,100,100,100,100,100,100,100,100,100,100
Haiti,HTI,Access to electricity (% of population),28.4404106140137,28.8970623016357,29.3532638549805,29.8067588806152,30.2548408508301,31.3,31.123950958252,31.5395641326904,31.938943862915,32.320484161377,33.7,31.542382,33.3904457092285,33.7352066040039,34.0805244445801,34.4302940368652,33.9,35.1578407287598,35.5377655029297,35.9264450073242,36.3221168518066,36.7230453491211,37.9,37.5336418151855,37.9401092529297
Hungary,HUN,Access to electricity (% of population),100,100,100,100,100,100,100,100,100,100,100,100,100,100,100,100,100,100,100,100,100,100,100,100,100
IBRD only,IBD,Access to electricity (% of population),75.3113815831693,75.4771168538519,76.8953031431179,77.5496395783688,78.3142639456632,79.1765869586631,80.1365052827669,81.2473599624984,82.0240519290162,83.3783241421859,83.6517833365885,82.8595485441935,85.0986952102471,85.7047639518641,86.2307465502588,87.0055777289087,87.8474693488895,88.4516663771075,89.2505045335155,90.740223219073,91.4663607719712,89.2083616153639,92.8376894257187,92.3350335882811,92.766939307125
IDA & IBRD total,IBT,Access to electricity (% of population),68.2360812661219,66.1682339606599,67.3581071290268,68.0161574063434,68.7304826644252,69.5795285695272,70.53537478131,71.4712977575068,72.2584706372208,73.2860720985189,73.5745554555255,73.0482296337635,74.8182898420677,75.5112331766789,75.8869460238599,76.6743741572138,77.495534561919,78.2286095590868,78.877461177412,80.1975963542906,80.7183764397694,79.5268179114972,82.41740998129,82.1111697670971,82.896874693457
IDA total,IDA,Access to electricity (% of population),31.1792569861175,26.8331713344347,27.8827914822961,29.0047267755628,29.9576896318308,31.1926433050619,32.5681327346923,33.2428456436225,34.5610544569159,35.469460264971,36.2628737501207,37.1679380413489,37.9327317024175,39.5003020122626,39.8521888134855,41.1412188489974,42.3458201504118,43.9637140112513,44.556939785588,45.7612547974428,46.0710145510599,48.724175410152,49.5810163784514,50.3034474272261,52.5818338228882
IDA blend,IDB,Access to electricity (% of population),43.6298070474541,45.7996628579852,47.3090168445065,48.7608952161838,49.6363895359873,50.9099640608965,52.1021312825248,53.2198535298063,53.86253670649,56.7503441459731,56.4482724037057,58.083268186919,58.6519256077074,61.6589961821322,60.7695810671465,62.1359744322789,62.887492622135,64.9748559326916,64.7041949807877,66.4400404031218,64.8229639570951,68.3852820554595,69.4220864819126,69.3082502071339,72.0942980193006
Indonesia,IDN,Access to electricity (% of population),60.3432731628418,48.9,64.028694152832,55.43,62.8,66.86,72.39,80.3,80.94,83.73,86.3,86.26,87.6,87.94,89.01,87.1274185180664,90.62,91.1,92.73,93.55,94.15,94.83,96,96.4642583061542,97.01
IDA only,IDX,Access to electricity (% of population),21.8894343106279,16.6965088359838,17.6571258764192,18.6182754191755,19.6270289626753,20.8571834864999,22.3407037325023,22.7938084379057,24.5018010319628,24.6994632337331,26.0633390615309,26.6217952873441,27.6094737185461,28.531202252001,29.5373980560169,30.8057726045622,32.2456503603805,33.6396914885459,34.6590833420142,35.5998190398047,36.8448381696836,39.0365241258121,39.7492120449622,40.8765271992362,42.8934287751727
Isle of Man,IMN,Access to electricity (% of population),100,100,100,100,100,100,100,100,100,100,100,100,100,100,100,100,100,100,100,100,100,100,100,100,100
India,IND,Access to electricity (% of population),45.0628890991211,46.5448188781738,48.0262985229492,50.9,50.9784317016602,52.443675994873,53.8980979919434,55.3389892578125,56.7636451721191,60.1,59.5622367858887,55.8,62.3,63.6863021850586,64.4,66.4319458007813,67.9,69.2100448608398,70.6152496337891,75,76.3,67.6,79.9,77.7375183105469,79.1692581176758
Not classified,INX,Access to electricity (% of population),,,,,,,,,,,,,,,,,,,,,,,,,
Ireland,IRL,Access to electricity (% of population),100,100,100,100,100,100,100,100,100,100,100,100,100,100,100,100,100,100,100,100,100,100,100,100,100
"Iran, Islamic Rep.",IRN,Access to electricity (% of population),96.1523895263672,96.3502731323242,96.5477066040039,96.7424392700195,96.931755065918,97.1129531860352,97.2833251953125,97.4401779174805,97.5807876586914,97.7035598754883,97.9,97.9078750610352,97.9972152709961,98.0832138061523,98.1697616577148,98.2607650756836,98.4,98.4707794189453,98.5919418334961,98.7218475341797,98.858757019043,99.0009155273438,99.1465682983398,99.2939758300781,99.4416809082031
Iraq,IRQ,Access to electricity (% of population),95.3341903686523,95.5390396118164,95.7434387207031,95.9451293945313,96.1414108276367,96.3295745849609,96.5069122314453,96.6707229614258,96.8182983398438,96.9480285644531,97.0627288818359,97.1662750244141,97.262580871582,97.3555450439453,97.4490585327148,97.5470199584961,97.6533355712891,98.1,97.8990859985352,98.0359573364258,98.1798324584961,98,98.481575012207,98.6359405517578,98.7906036376953
Iceland,ISL,Access to electricity (% of population),100,100,100,100,100,100,100,100,100,100,100,100,100,100,100,100,100,100,100,100,100,100,100,100,100
Israel,ISR,Access to electricity (% of population),100,100,100,100,100,100,100,100,100,100,100,100,100,100,100,100,100,100,100,100,100,100,100,100,100
Italy,ITA,Access to electricity (% of population),100,100,100,100,100,100,100,100,100,100,100,100,100,100,100,100,100,100,100,100,100,100,100,100,100
Jamaica,JAM,Access to electricity (% of population),70.334586,76.2833404541016,77.2513275146484,78.2166061401367,79.1764678955078,80.1282196044922,85.706045,81.9965438842773,82.9076995849609,84.554112,84.6793060302734,87.708112,86.681291,87.2628784179688,88.1199798583984,88.9815292358398,89.851432800293,90.7326431274414,92,92.5248107910156,93.4322662353516,91.1,95.2611846923828,96.1791458129883,97.0973892211914
Jordan,JOR,Access to electricity (% of population),96.8,97.4775772094727,97.6520156860352,97.8237533569336,97.9900741577148,98.1401672363281,98.2855377197266,98.9,98.5344848632813,98.6358795166016,98.7233123779297,98.7998123168945,99.5,98.9350204467773,99.173436820348,99.0722351074219,99.1504058837891,98.8,99.3349227905273,99.4,99.5531463623047,99.6703720092773,99.5,99.8976593017578,100
Japan,JPN,Access to electricity (% of population),100,100,100,100,100,100,100,100,100,100,100,100,100,100,100,100,100,100,100,100,100,100,100,100,100
Kazakhstan,KAZ,Access to electricity (% of population),97.6545333862305,97.8179016113281,97.9808197021484,98.136962890625,98.2897338867188,99.9,98.5682373046875,98.6887512207031,98.7941284179688,97,98.9599075317383,99.0248794555664,99.0826263427734,99.1370315551758,99.1919708251953,99.2511901855469,99.3178253173828,99.3937759399414,99.4792938232422,100,99.6744384765625,99.7787933349609,99.8757858276367,99.9498443603516,100
Kenya,KEN,Access to electricity (% of population),5.60775184631348,6.65073490142822,7.69326734542847,10.9,9.76750755310059,10.7938051223755,11.8092794418335,12.8112239837646,14.5,14.7648048400879,15.7176332473755,16.6593189239502,17.5937595367432,16,19.4565029144287,20.3926029205322,21.3370552062988,22.2928123474121,23.2590713500977,23,19.2,26.2033405303955,27.1940975189209,28.1866035461426,36
Kyrgyz Republic,KGZ,Access to electricity (% of population),99.3557510375977,99.4301910400391,99.5041732788086,99.5754547119141,99.6413192749023,99.6990737915039,99.7460021972656,99.8,99.7965621948242,99.7958908081055,99.7801666259766,99.7533111572266,100,99.681755065918,99.6448516845703,99.6124038696289,99.5883102416992,99.5755233764648,99.5732345581055,99.5796966552734,99,99.6118621826172,99.8,99.6580352783203,99.8
Cambodia,KHM,Access to electricity (% of population),,0.103671073913574,0.470170825719833,0.554133474826813,2.74014806747437,4.91804552078247,7.08511972427368,9.2386646270752,18.67,13.4954452514648,16.6,17.6931591033936,19.7791996002197,19.3,23.9451446533203,20.5,28.1288948059082,30.2362537384033,26.4,34.4807167053223,31.1,38.7531814575195,40.8955383300781,43.0396423339844,56.1
Kiribati,KIR,Access to electricity (% of population),95.154899597168,93.2542190551758,91.3530807495117,89.4492416381836,87.5399856567383,85.6226119995117,83.6944198608398,81.7527008056641,79.7947387695313,77.8189392089844,75.8281021118164,73.8261184692383,71.81689453125,69.8043212890625,67.7922973632813,69.6764054575327,63.785514831543,61.7976036071777,59.8201942443848,46.4,63.1677367075983,53.9334602355957,51.9805488586426,50.0293884277344,48.0785179138184
St. Kitts and Nevis,KNA,Access to electricity (% of population),87.0607833862305,87.6863861083984,88.3115310668945,88.933967590332,89.5510025024414,90.159912109375,90.7580032348633,91.3425598144531,91.9108810424805,92.4613723754883,92.9968109130859,93.53,94.0381698608398,94.5518798828125,95.0661392211914,95.5848541259766,96.1119232177734,96.6502914428711,97.1991653442383,97.7567901611328,98.3247222900391,98.8805694580078,99.3804321289063,99.7527236938477,100
"Korea, Rep.",KOR,Access to electricity (% of population),,,,,,100,100,100,100,100,100,100,100,100,100,100,100,100,100,100,100,100,100,100,100
Kuwait,KWT,Access to electricity (% of population),100,100,100,100,100,100,100,100,100,100,100,100,100,100,100,100,100,100,100,100,100,100,100,100,100
Latin America & Caribbean (excluding high income),LAC,Access to electricity (% of population),85.1782733273428,86.2995455776318,86.5200472080842,87.2903658870758,88.1558426451374,88.2943758729116,89.2481958082855,89.810136599661,90.4655094016501,91.1081928208013,91.4509529036863,91.8301616190258,92.3807536695648,92.7174974318322,93.0252550173637,93.4264814570856,94.0980786119579,94.5251881835946,95.1744133592187,95.4773113077098,95.8725606845558,96.1930439195856,96.4836248485418,96.9267370347248,96.8922296169902
Lao PDR,LAO,Access to electricity (% of population),17.6891212463379,20.2665939331055,22.8436145782471,31,27.9868316650391,25,33.0975799560547,35.6340141296387,38.1542129516602,40.6565742492676,43.1438903808594,45.6200637817383,46.3,48,53.0207138061523,57.2,57.9702453613281,60.4604911804199,66,65.4707336425781,67.9872283935547,70,73.0342178344727,75.5612106323242,78.0885009765625
Lebanon,LBN,Access to electricity (% of population),97.1938629150391,97.4187469482422,97.6431732177734,97.8648986816406,98.0751190185547,98.2812881469727,98.4766464233398,98.6586837768555,98.8255767822266,98.9769592285156,99.1143798828125,99.2408676147461,99.3601303100586,99.4760513305664,99.9,99.7113800048828,99.8258895874023,99.9,99.9,99.9946975708008,99.9995498657227,100,100,100,100
Liberia,LBR,Access to electricity (% of population),,,,,,,,,,,,,,0.0168472565710545,0.074524812400341,0.293555796146393,0.796854138374329,3,2.58275651931763,1.9,4.75228643417358,4.1,6.94281482696533,9.8,9.14063453674316
Libya,LBY,Access to electricity (% of population),100,99.9975280761719,99.9928436279297,99.9841232299805,99.9695129394531,99.9467086791992,99.9130935668945,99.8661575317383,99.8040771484375,99.7264938354492,99.8,99.5324554443359,99.4227523803711,99.309700012207,99.1971893310547,99.0889511108398,98.9881286621094,98.8966217041016,98.8146896362305,98.741325378418,98.6749420166016,98.6138153076172,98.5562515258789,98.5007171630859,98.4460296630859
St. Lucia,LCA,Access to electricity (% of population),82.4756469726563,83.1901550292969,83.9042053222656,84.6155548095703,85.3214950561523,86.0193099975586,86.7063064575195,87.3797760009766,88.0370025634766,88.676399230957,89.3007431030273,89.9,90.5199127197266,91.1225357055664,91.725700378418,92.3333206176758,92.9492950439453,93.5765762329102,94.21435546875,94.8608856201172,95.5144119262695,96.1731872558594,96.8354644775391,97.4994964599609,98.1638107299805
Latin America & Caribbean,LCN,Access to electricity (% of population),85.4709910245201,86.6038827891693,86.8330765806766,87.5826364333789,88.4267842822242,88.5733823412645,89.494521897184,90.0537387330485,90.7171338855882,91.3234401587376,91.6927271983041,92.0414448005165,92.6324411137287,92.9894023491706,93.2652147759545,93.6572687807522,94.3287078563173,94.7259086619226,95.3556867618178,95.6579198278565,96.0407847383899,96.3433411004693,96.6329127352514,97.0464481425123,97.0243316083381
Least developed countries: UN classification,LDC,Access to electricity (% of population),,12.1745418619603,13.1416225778011,14.0283931013226,15.1534482116662,16.2526590194569,17.8066847653955,18.1524444007406,19.8831140457074,20.1526837783075,21.5783328805862,22.0925625629951,23.1305382159225,24.1566684176107,25.0870506204915,26.2024569334494,27.7670416683416,29.1472369534221,30.0983234779524,30.9731261879414,32.2031579755273,34.5847128066816,35.2761045189515,36.3190744622922,38.2465255323855
Low income,LIC,Access to electricity (% of population),,5.4113449806257,5.78319838948175,6.63266632075555,7.25159017391104,8.42592865118326,9.88699959998941,10.3701995271567,11.2542166805299,11.6131104772793,12.7157429506816,12.8319288823158,13.8993460885549,14.8702283487848,15.7788624233264,16.2555901147785,18.2136802699583,19.9421709050995,20.4383629061342,21.4714120583719,22.2919913182652,24.494909131603,25.4543995518625,26.2483030058673,28.2541972061846
Liechtenstein,LIE,Access to electricity (% of population),100,100,100,100,100,100,100,100,100,100,100,100,100,100,100,100,100,100,100,100,100,100,100,100,100
Sri Lanka,LKA,Access to electricity (% of population),52.5966567993164,54.3072624206543,56.0174179077148,57.7248649597168,59.4269027709961,61.1208229064941,62.8039169311523,64.4734878540039,66.1268157958984,67.7623138427734,69.3827590942383,63.6,80.7,74.1928482055664,75.792121887207,77.3958435058594,79.0079193115234,80,82.2651824951172,83.9078063964844,85.3,87.76,88.8706970214844,90.2,92.1912460327148
Lower middle income,LMC,Access to electricity (% of population),49.2506454462766,49.195674153708,51.855940186584,52.8959255024855,54.0730291703073,55.5499523429028,57.25311942882,58.8488693994452,60.2466432474721,62.667864729943,62.9829125246941,61.7426993436937,65.2988271896663,66.6290605152439,67.2252275743214,68.7257276830523,70.0283925828012,71.1394279874284,72.3039195816942,74.8069565351444,75.5690855777874,72.7799206246209,78.6989110109459,78.0619256961142,79.5263296669879
Low & middle income,LMY,Access to electricity (% of population),67.5601696188009,65.5120748279964,66.7215472587111,67.3934219297867,68.1226450054035,68.9874172002102,69.9617114448612,70.9123143838692,71.7133119789988,72.7608621292457,73.0614596338512,72.5440718552611,74.3329194722233,75.0359295271438,75.4253311729185,76.2253885230025,77.0572723318407,77.8041458426748,78.4641753636809,79.7956066969272,80.3296088664015,79.1424806282531,82.0521781878934,81.7542239196941,82.5502305976273
Lesotho,LSO,Access to electricity (% of population),,,,,,,,,0.016507551074028,0.0875049978494644,0.408730983734131,1.24147188663483,2.47142052650452,4.51301193237305,6.8,8.60175323486328,9.7,12.722954750061,14.7997093200684,17,18.9777164459229,21.0754680633545,23.176721572876,25.2797222137451,27.8
Late-demographic dividend,LTE,Access to electricity (% of population),87.6334649437212,88.3514287990361,88.7589875217835,89.3932179390346,89.9995072531731,90.5404511848533,91.1602989208776,91.5420756549618,92.2618513573892,92.7635629176177,93.2270523692216,93.7447712884461,94.429253477447,94.8037220570534,95.2840890159194,95.9127974247929,96.3305715195565,96.7261735698091,97.254342693897,97.7164663362344,98.3446367308192,98.5289673670304,98.7656765663482,98.871512468119,98.8955705867521
Lithuania,LTU,Access to electricity (% of population),100,100,100,100,100,100,100,100,100,100,100,100,100,100,100,100,100,100,100,100,100,100,100,100,100
Luxembourg,LUX,Access to electricity (% of population),100,100,100,100,100,100,100,100,100,100,100,100,100,100,100,100,100,100,100,100,100,100,100,100,100
Latvia,LVA,Access to electricity (% of population),100,100,100,100,100,100,100,100,100,100,100,100,100,100,100,100,100,100,100,100,100,100,100,100,100
"Macao SAR, China",MAC,Access to electricity (% of population),,,,,100,100,100,100,100,100,100,100,100,100,100,100,100,100,100,100,100,100,100,100,100
St. Martin (French part),MAF,Access to electricity (% of population),100,100,100,100,100,100,100,100,100,100,100,100,100,100,100,100,100,100,100,100,100,100,100,100,100
Morocco,MAR,Access to electricity (% of population),46.8792495727539,48.8824195861816,49.2,52.8851509094238,54.879753112793,56.5,58.8418998718262,60.8040313720703,62.749927520752,64.6779861450195,66.5910034179688,68.4928741455078,70.3875045776367,72.2787857055664,78.2,76.0669021606445,77.9715423583984,79.8874893188477,81.8139343261719,83.7491302490234,85.6913223266602,87.6387634277344,89.5897064208984,91.5423965454102,91.6
Monaco,MCO,Access to electricity (% of population),100,100,100,100,100,100,100,100,100,100,100,100,100,100,100,100,100,100,100,100,100,100,100,100,100
Moldova,MDA,Access to electricity (% of population),96.1198196411133,96.3755416870117,96.6308059692383,96.8833618164063,97.1305084228516,97.3695373535156,97.5977478027344,97.8124237060547,97.9982147216797,98.1804351806641,98.3486938476563,98.5060119628906,99,98.8028717041016,99.1,98.6,99.2607116699219,99.4290084838867,99.6040191650391,99.770149230957,99.8984451293945,99.969856262207,99.9950790405273,99.9997329711914,100
Madagascar,MDG,Access to electricity (% of population),10.5524778366089,10.8744125366211,9.2,11.5146760940552,11.8280429840088,12.1332921981812,12.4277181625366,10.9,12.9732780456543,13.2201013565063,13.4518814086914,14.8,13.8859128952026,14.0959596633911,20.3,14.5216131210327,14.7450160980225,14.9797267913818,15.2249364852905,17.4,15.7398548126221,14.3,16.2757720947266,12.9,16.8189811706543
Maldives,MDV,Access to electricity (% of population),72.6971740722656,73.9885406494141,75.2794570922852,76.5676727294922,77.850471496582,79.1251449584961,80.3890075683594,81.6393356323242,82.8734283447266,84.0896835327148,83.8,86.4809646606445,87.6637878417969,88.8432693481445,90.0233001708984,91.2077789306641,92.4006195068359,93.6047592163086,94.8193969726563,99.9,97.2731781005859,98.3838958740234,99.2542724609375,99.7624588012695,100
Middle East & North Africa,MEA,Access to electricity (% of population),85.8105416608817,86.3381914026955,86.585666578183,87.2269914221574,87.594423150288,88.1514273103093,88.7744280328786,89.0995877227991,89.8405134638613,90.3432921616835,90.9668005381556,91.355613937423,91.7944161940222,92.4385396656047,93.1310959952176,93.8027019227025,94.0986379222662,94.5044777495512,95.0223188519224,95.3412532641296,95.7564130228543,96.1140202823152,96.4954211606451,97.1671184758896,96.9899845998097
Mexico,MEX,Access to electricity (% of population),94.0351943969727,94.3619689941406,93.145981,95.0119171142578,95.238294,95.6402206420898,96.093624,96.225227355957,96.092755,96.7463989257813,98.007132,97.2085037231445,97.897085,97.6416320800781,98.597701,98.932728,99.11416,98.5524368286133,98.914037,99.0588760375977,99.236696,99.5733184814453,99.111637,99.9214477539063,99.172928
Marshall Islands,MHL,Access to electricity (% of population),51.9721412658691,53.618293762207,55.2639923095703,56.906982421875,58.544563293457,60.1740303039551,61.792667388916,63.3977813720703,64.9866561889648,68.5242358752702,68.1136932373047,69.6585388183594,71.1961517333984,72.7304077148438,74.2652282714844,75.8044891357422,77.3521118164063,72.3,80.4804611206055,82.0586318969727,83.6438064575195,89.919606785433,86.8281478881836,88.4238204956055,90.0197906494141
Middle income,MIC,Access to electricity (% of population),69.885409537768,70.0600747784453,71.4937310756121,72.2052079747982,72.9967228654604,73.890869292171,74.8786579013808,75.9223112651193,76.770723841132,78.1967805367945,78.4960484211112,77.9990209837001,80.0268799837419,80.8312724561804,81.2766351630552,82.1989445728258,83.0091628742177,83.7473274516229,84.5159956860629,85.9717439631656,86.5713395853896,85.114049794526,88.2837165584693,87.9633879505742,88.7201628626532
"Macedonia, FYR",MKD,Access to electricity (% of population),89.8403244018555,90.4718780517578,91.1029815673828,91.7313766479492,92.354362487793,92.9692306518555,93.5732803344727,94.1637954711914,94.7380752563477,95.2945175170898,95.8359146118164,96.3661727905273,96.8891830444336,97.4088516235352,97.929069519043,98.4584579467773,99,99.4386749267578,99.7709503173828,99.9402160644531,99.99267578125,100,100,100,100
Mali,MLI,Access to electricity (% of population),,0.285910308361053,0.842802107334137,1.64808034896851,2.93005466461182,4.20391178131104,6.2,6.71645021438599,7.94971990585327,9.1651496887207,10.3655385971069,10.8,12.7367839813232,13.9154386520386,15.0946464538574,16.2783069610596,16.6,18.6736354827881,19.8874530792236,21.1100196838379,22.3395862579346,23.5744018554688,25.6,26.0527839660645,27.293140411377
Malta,MLT,Access to electricity (% of population),100,100,100,100,100,100,100,100,100,100,100,100,100,100,100,100,100,100,100,100,100,100,100,100,100
Myanmar,MMR,Access to electricity (% of population),41.322811126709,41.8110885620117,42.2989158630371,42.7840347290039,43.263744354248,43.7353363037109,44.1961059570313,44.6433448791504,45.074348449707,45.4875144958496,45.8856353759766,46.2726135253906,47,47.0287399291992,47.4056816101074,47.7870750427246,48.1768226623535,48.5778732299805,48.9894256591797,49.409725189209,48.8,50.2695770263672,50.7056274414063,51.1434288024902,52
Middle East & North Africa (excluding high income),MNA,Access to electricity (% of population),85.2221526034019,85.764654691058,86.1326853967981,86.7910453855956,87.1666153161323,87.6636047466677,88.3086065379157,88.6409804879504,89.4058210266342,89.9222377727834,90.5656427227985,90.9451239524825,91.3997758834457,92.0691257123636,92.2573455999423,92.9972062644765,93.311509387904,93.7040710387089,94.2766076455017,94.6243385269117,95.08880106407,95.4915850809996,95.9258772853287,96.7013418267397,96.4902728890405
Montenegro,MNE,Access to electricity (% of population),100,100,100,100,100,100,100,100,100,100,100,100,100,100,100,100,100,100,100,100,100,100,100,100,100
Mongolia,MNG,Access to electricity (% of population),63.8195648193359,64.7865676879883,65.7531204223633,66.7169647216797,67.6753997802734,68.6257171630859,69.5652160644531,70.4911804199219,71.4009094238281,72.2928009033203,67.3,74.0353546142578,74.8938140869141,76.3,76.6045989990234,86.2,78.3331909179688,79.2129669189453,80.1032485961914,81.0022735595703,81.9083023071289,82.819580078125,83.7343521118164,81.2,85.5676956176758
Northern Mariana Islands,MNP,Access to electricity (% of population),,,,,,100,100,100,100,100,100,100,100,100,100,100,100,100,100,100,100,100,100,100,100
Mozambique,MOZ,Access to electricity (% of population),,0.0201247464865446,0.0978076457977295,0.368050634860992,0.657983779907227,1.74178636074066,2.8147656917572,6.6,4.91743183135986,5.94280767440796,6.95314121246338,5.7,8.94427871704102,8.1,10.9220323562622,11.9156379699707,12.9175939559937,13.9308576583862,14.9546213150024,15,17.0266456604004,20.2,19.1196689605713,20.1696796417236,21.2199840545654
Mauritania,MRT,Access to electricity (% of population),2.17676472663879,3.71728897094727,5.25736236572266,6.79472970962524,8.32668590545654,9.85052394866943,11.3635396957397,12.8630256652832,14.3462772369385,15.8116884231567,17.2620582580566,22.2,20.1332664489746,21.5619029998779,22.9910926818848,18.2,25.8667259216309,27.3200263977051,30,30.2563743591309,31.7359218597412,33.2207183837891,34.7090148925781,36.1990623474121,38.8
Mauritius,MUS,Access to electricity (% of population),98.6381759643555,98.7210083007813,98.8033905029297,98.8830642700195,98.9573211669922,99.0234680175781,99.0787887573242,99.1205825805664,99.1461410522461,99.1538619995117,99,99.1280746459961,99.4,99.0733032226563,99.0447998046875,99.0207443237305,99.0050430297852,99.0006484985352,99.0067596435547,99.021614074707,99.0434646606445,99.4,99.1011734008789,99.1335296630859,99.1661758422852
Malawi,MWI,Access to electricity (% of population),1.89712154865265,2.28260087966919,3.2,3.04995155334473,3.42686247825623,3.79565596580505,4.15362644195557,4.49806785583496,4.82627439498901,5.13664102554321,4.8,5.71614742279053,5.99308443069458,6.2,6.9,6.81941699981689,7.10636377334595,7.40461874008179,7.71337270736694,8.03087615966797,8.7,7.6,7.4,9,11.9
Malaysia,MYS,Access to electricity (% of population),93.4461441040039,93.8021697998047,94.1577529907227,94.5106353759766,94.8581008911133,95.1974411010742,95.5259704589844,95.8409652709961,96.1397247314453,96.4206466674805,96.6865234375,96.9412612915039,97.1887512207031,97.4328994750977,97.6775970458984,97.9267425537109,98.1921081542969,98.4607238769531,98.7389068603516,99.3,99.3158874511719,99.5890045166016,99.8,99.9356918334961,100
North America,NAC,Access to electricity (% of population),100,100,100,100,100,100,100,100,100,100,100,100,100,100,100,100,100,100,100,100,100,100,100,100,100
Namibia,NAM,Access to electricity (% of population),25.1965446472168,26.2726764678955,26.4,28.4213333129883,29.4888973236084,30.5483455657959,31.5969696044922,32.6320648193359,33.6509246826172,34.6519432067871,36.5,36.6127548217773,37.5803451538086,38.5445899963379,39.5093879699707,40.4786376953125,41.4562377929688,43.7,43.4445533752441,44.4527130126953,45.4678688049316,46.4882736206055,47.5121803283691,47.4,49.5637817382813
New Caledonia,NCL,Access to electricity (% of population),,,,,,100,100,100,100,100,100,100,100,100,100,100,100,100,100,100,100,100,100,100,100
Niger,NER,Access to electricity (% of population),2.94697093963623,3.48124670982361,4.4,4.54619026184082,5.07189750671387,6.2,7,6.5894923210144,6.7,7.52565813064575,7.96977949142456,8.40275764465332,8.8284912109375,9.25087928771973,9.67382049560547,7.1,9.3,10.9840078353882,11.4415578842163,11.9078578948975,12.381157875061,14.3,14.4,13.825553894043,14.3096446990967
Nigeria,NGA,Access to electricity (% of population),27.3,32.5952682495117,33.7477226257324,34.8974723815918,36.0418090820313,37.1780281066895,38.3034210205078,39.4152908325195,40.5109214782715,44.9,42.6514625549316,43.7030715942383,44.7474327087402,52.2,46.830020904541,47.8760414123535,48.9304161071777,49.9960975646973,50.3,52.1572036743164,48,55.9,55.4469909667969,55.6,57.6521377563477
Nicaragua,NIC,Access to electricity (% of population),66.9215621948242,67.5416870117188,68.1613540649414,72.064174,69.3898696899414,69.9933013916016,70.5859146118164,71.1649932861328,69.047103,72.2728500366211,72.8028106689453,72.22158,73.8332138061523,74.3414459228516,74.850227355957,73.821815,75.8850555419922,76.4179458618164,76.9613418579102,77.916313,78.0726318359375,78.6370239257813,79.2049179077148,79.7745590209961,81.853073
Netherlands,NLD,Access to electricity (% of population),100,100,100,100,100,100,100,100,100,100,100,100,100,100,100,100,100,100,100,100,100,100,100,100,100
Norway,NOR,Access to electricity (% of population),100,100,100,100,100,100,100,100,100,100,100,100,100,100,100,100,100,100,100,100,100,100,100,100,100
Nepal,NPL,Access to electricity (% of population),,0.054094098508358,0.382749944925308,1.49263095855713,2.83202242851257,6.93386220932007,17.9,15.1023654937744,19.1636180877686,23.20703125,27.2354011535645,24.6,35.2626113891602,39.2692489624023,37.2,47.2880821228027,51.2,55.3393783569336,59.381175994873,63.4317283630371,67.4892730712891,76.3,75.6183700561523,79.6864242553711,84.9
Nauru,NRU,Access to electricity (% of population),,,,,,,,,,,99.8724746704102,99.8079376220703,99.7361450195313,99.6610107421875,99.5864105224609,99.5160827636719,99.4531784057617,99.8,99.3555603027344,99.3201141357422,99.2916488647461,99,99.2487869262695,99.2311630249023,99.2143936157227
New Zealand,NZL,Access to electricity (% of population),100,100,100,100,100,100,100,100,100,100,100,100,100,100,100,100,100,100,100,100,100,100,100,100,100
OECD members,OED,Access to electricity (% of population),98.7811846994635,98.8559038634825,98.7835786561374,98.9709995073574,99.0209513871215,99.1238454258293,99.1891025025772,99.2336351201745,99.2615298799177,99.3382310206257,99.490011931311,99.4382566963215,99.5296786777721,99.5501035825163,99.6549262526193,99.7177156038479,99.7776921926621,99.7516933286464,99.8202047828352,99.867673784128,99.9243458689872,99.9491567260345,99.9136463441529,99.9868594717126,99.9192998171263
Oman,OMN,Access to electricity (% of population),,,,,,,,,,,,,,,,,,100,100,100,100,100,100,100,100
Other small states,OSS,Access to electricity (% of population),59.0602076176551,53.9438005599911,54.0842450521506,54.44665671541,55.3005559555064,56.1411085341297,57.082517825615,57.8914022125972,52.9431448882992,53.8710243450437,55.1027799841038,57.0436847204206,58.1819635725487,59.2811379541888,57.1066560570312,58.4738783886789,59.4523281349126,61.3285432876778,62.3782534286941,63.8745675214187,65.0769186594192,66.6845073328188,67.7004200942777,68.4423347030738,70.0374511203289
Pakistan,PAK,Access to electricity (% of population),58.7405853271484,59.6,62.0946502685547,63.7687530517578,65.4374465942383,67.098014831543,68.7477645874023,70.3839874267578,70.46,73.6061172485352,75.1932220458984,77.7,78.3378982543945,79.9032669067383,81.4691925048828,83.85,84.618293762207,89.2,87.8088607788086,90.73,91.034423828125,91.37,94.2809829711914,93.6,97.5348434448242
Panama,PAN,Access to electricity (% of population),70.19,73.3418426513672,74.1985702514648,75.0525894165039,75.9011993408203,76.7416915893555,77.5713577270508,78.3874969482422,79.1874008178711,79.9694595336914,81.4014100930039,81.4923629760742,82.2409973144531,87.8,83.7321319580078,84.482421875,85.2410659790039,86.0110168457031,86.7914733886719,87.5806732177734,86.85,89.1783218383789,89.9832763671875,89.1,91.5969619750977
Peru,PER,Access to electricity (% of population),60.289737701416,61.6670684814453,70.1,64.4181213378906,65.7868804931641,67.1475219726563,67,69.16024,72.072063,74.078523,72.496495,72.113111,74.382688,74.380966,75.692357,77.173645,80.157275,81.988131,84.678343,86.42432,88.123061,89.707491,91.099508,92.135365,92.919989
Philippines,PHL,Access to electricity (% of population),61.9848098754883,63.176513671875,64.3677673339844,65.4,66.7394485473633,67.9144668579102,69.0786666870117,70.2293319702148,71.3,72.480354309082,73.581901550293,74.6723098754883,75.7554702758789,76.6,77.915657043457,79.0004806518555,80.0936508178711,81.1981353759766,83.3,83.4368362426758,84.5675659179688,85.7035446166992,86.8430252075195,87.5,89.1257705688477
Palau,PLW,Access to electricity (% of population),97.4921035766602,97.6138153076172,97.7350692749023,97.8536224365234,97.9667587280273,98.07177734375,98.1659774780273,98.2466506958008,98.3110809326172,98.3576812744141,98.3892288208008,98.4096374511719,98.4228057861328,98.4326248168945,98.443000793457,98.9165073295092,98.4809951782227,98.5154800415039,98.5604629516602,98.6141967773438,98.6749267578125,98.7409057617188,97.6304263093788,98.8816146850586,99.8103
Papua New Guinea,PNG,Access to electricity (% of population),6.16582679748535,6.81410026550293,7.46192264556885,8.10703945159912,8.74674510955811,9.37833309173584,11,10.6063327789307,11.1973333358765,11.7704944610596,12.3286142349243,12.8755903244019,13.4153213500977,13.9517068862915,14.4886465072632,15.0300369262695,12.4,16.1408271789551,16.7123756408691,17.2926731109619,19.5,18.4725170135498,19.0685634613037,19.6663608551025,20.2644500732422
Poland,POL,Access to electricity (% of population),100,100,100,100,100,100,100,100,100,100,100,100,100,100,100,100,100,100,100,100,100,100,100,100,100
Pre-demographic dividend,PRE,Access to electricity (% of population),22.9621783332945,20.7085321466772,21.0868659796245,21.9160664354509,22.3390438286379,23.3118099140592,24.1437709372795,24.8611345280942,25.6397577065601,26.0108170281558,25.9251042169927,26.7045131079139,26.9257848331497,28.825165872877,28.5216111525039,29.1014224100295,30.0864517869123,31.3831747383185,31.7404736424037,32.2255062817172,31.8894113045322,35.1978255883058,35.7906561975432,36.3598474361338,38.7136073150123
Puerto Rico,PRI,Access to electricity (% of population),,,,,,,,,,,,,100,100,100,100,100,100,100,100,100,100,100,100,100
"Korea, Dem. Peoples Rep.",PRK,Access to electricity (% of population),4.36977052688599,5.59739255905151,6.82456302642822,8.04902839660645,9.26808166503906,10.4790172576904,11.6791305541992,12.8657140731812,14.0360631942749,15.1885719299316,16.3260383605957,17.4523639678955,18.5714435577393,19.6871776580811,20.8034648895264,21.924201965332,23.0532913208008,24.1936893463135,25.3445854187012,26,27.670877456665,28.8427715301514,30.0181674957275,31.1953125,32.3727493286133
Portugal,PRT,Access to electricity (% of population),100,100,100,100,100,100,100,100,100,100,100,100,100,100,100,100,100,100,100,100,100,100,100,100,100
Paraguay,PRY,Access to electricity (% of population),79.0133743286133,80.0107345581055,81.0076446533203,82.0018463134766,82.9906463623047,77.469114,84.9411697387695,86.412854,86.8375854492188,88.518177,88.6670455932617,91.04207,91.666443,92.558399,93.249876,94.686886,96.749045,96.452771,96.677896,96.891335,97.43086,98.23656,97.835616,99.015884,99.000716
West Bank and Gaza,PSE,Access to electricity (% of population),97.7416610717773,97.897331237793,98.0524597167969,98.2043914794922,98.3499069213867,98.4858093261719,98.6088943481445,97.9,98.8037872314453,98.8707275390625,99.7,98.9615783691406,98.9976196289063,99.1,99.0812683105469,99.1410140991211,99.7,99.3250274658203,99.4516448974609,99.5968933105469,99.9,99.9284210205078,100,100,99.9
Pacific island small states,PSS,Access to electricity (% of population),55.7190584120688,57.0382169919306,47.2777726450215,48.2187203458613,49.105906969089,50.2609315309472,51.2873435633572,52.6596642566959,53.9118384182146,56.6362297251876,56.5214344579283,57.6785345090496,58.786887147233,59.6873051449554,60.9857367169177,62.2914354547093,62.2998175853369,62.5024841041081,65.6927827371738,65.6422856223672,68.5029930257617,69.4240528081124,70.5543150571212,74.1684730251136,72.3338413589212
Post-demographic dividend,PST,Access to electricity (% of population),99.3369009222752,99.3820304380657,99.4268868400689,99.4721295930037,99.5183971366232,99.5836393480873,99.6256047074712,99.6656731718088,99.7036211810293,99.7397316843948,99.7746440716512,99.8094594582773,99.8372955016188,99.8696292527254,99.8997541250352,99.9291581038461,99.9564634706865,99.9865764043199,99.9919185720407,99.9977516446717,99.9992952248906,99.9995162936032,99.9995708411288,99.9996240780325,99.999678107937
French Polynesia,PYF,Access to electricity (% of population),100,100,100,100,100,100,100,100,100,100,100,100,100,100,100,100,100,100,100,100,100,100,100,100,100
Qatar,QAT,Access to electricity (% of population),100,100,100,100,100,100,100,100,100,100,100,100,100,100,100,100,100,100,100,100,100,100,100,100,100
Romania,ROU,Access to electricity (% of population),100,100,100,100,100,100,100,100,100,100,100,100,100,100,100,100,100,100,100,100,100,100,100,100,100
Russian Federation,RUS,Access to electricity (% of population),100,100,100,100,100,100,100,100,100,100,100,100,100,100,100,100,100,100,100,100,100,100,100,100,100
Rwanda,RWA,Access to electricity (% of population),,0.0855229124426842,2.3,0.599688231945038,1.30533671379089,2.00286769866943,2.68957543373108,3.36275434494019,4.01969814300537,4.65880250930786,6.2,5.8957839012146,6.50145864486694,7.10378789901733,7.70666980743408,4.8,8.92968845367432,9.55668067932129,6,10.8404130935669,9.7,10.8,12.814133644104,15.2,19.8
South Asia,SAS,Access to electricity (% of population),42.9080044526201,43.6559582309496,45.3050631865162,47.9663873467834,48.5186393147491,50.0881061152919,51.8193384233215,53.1061916333759,54.7303125527421,57.1156106410404,57.2196060838692,54.660278991401,60.3014926215434,61.7470554330366,62.7365176143067,65.1973428180215,66.6577476296342,68.436641429748,69.9360824085819,73.9705685634326,75.2570568288215,69.6565482818931,79.3798979616681,78.0769886621284,80.05801173366
Saudi Arabia,SAU,Access to electricity (% of population),,,,,,,,,,,,,,,100,100,100,100,100,100,100,100,100,100,100
Sudan,SDN,Access to electricity (% of population),32.8,31.4743041992188,31.856330871582,32.2356491088867,32.6095581054688,32.9753494262695,33.3303184509277,33.6717567443848,33.9969596862793,34.3043251037598,34.5966491699219,34.8778266906738,35.1517601013184,35.4223518371582,35.6934928894043,35.9690856933594,36.2530326843262,36.548282623291,36.8540344238281,29,37.4900360107422,37.8167877197266,38.1470375061035,38.4790382385254,44.9
Senegal,SEN,Access to electricity (% of population),19.5482025146484,21.3064346313477,23.0642147064209,26,26.5689506530762,28.3104953765869,30.0412178039551,32.2,33.4593696594238,36.2,36.8105659484863,38.4674987792969,36.8,41.7635307312012,36.8,47.1,49.9,48.3924789428711,50.0739860534668,53.5,53.4614944458008,56.5,56.870002746582,57,61
Singapore,SGP,Access to electricity (% of population),100,100,100,100,100,100,100,100,100,100,100,100,100,100,100,100,100,100,100,100,100,100,100,100,100
Solomon Islands,SLB,Access to electricity (% of population),,,0.0139990104362369,0.0673985257744789,0.333010494709015,1.0581773519516,2.14788579940796,4.01630592346191,5.86849117279053,15.7,9.52214050292969,11.33030128479,13.1312170028687,14.9287872314453,16.7269115447998,18.5294857025146,14.4,12.9,23.9953784942627,21.1481517902995,27.6853427886963,29.5390739440918,31.3963050842285,44.7,35.114559173584
Sierra Leone,SLE,Access to electricity (% of population),18.3626365661621,18.2040672302246,18.0450439453125,17.8833179473877,17.7161769866943,17.5409202575684,17.3548412322998,17.1552314758301,16.9393882751465,16.7057056427002,16.4569797515869,16.1971111297607,15.9299983978271,15.6595392227173,16.8,15.1241798400879,14.8670768737793,14.6212816238403,12.1,14.1594381332397,13.9398908615112,14.2,13.5147953033447,13.5,13.0969915390015
El Salvador,SLV,Access to electricity (% of population),72.1669998168945,69.60788,74.338249206543,75.4209442138672,76.4982299804688,76.995504,77.883,79.6705551147461,81.637983,79.129592,84.519249,87.063829,87.54906,86.961151,87.357045,87.525839,89.201467,91.109558,91.000227,91.08402,91.580238,92.574686,93.680571,95.043105,95.125416
San Marino,SMR,Access to electricity (% of population),100,100,100,100,100,100,100,100,100,100,100,100,100,100,100,100,100,100,100,100,100,100,100,100,100
Somalia,SOM,Access to electricity (% of population),,,0.0211944673210382,0.104185074567795,0.382657319307327,0.726445913314819,1.73916947841644,2.73836398124695,3.7213237285614,4.68644380569458,5.63652181625366,6.5754566192627,7.4,8.43549156188965,9.36438941955566,10.2977390289307,11.2394390106201,12.1924476623535,13.1559543609619,14.1282110214233,15.1074676513672,16.0919742584229,17.0799789428711,18.0697345733643,19.0597820281982
Serbia,SRB,Access to electricity (% of population),93.9559936523438,94.501106262207,95.045768737793,95.5877227783203,96.124267578125,96.6526947021484,97.170295715332,97.6743698120117,98.1495513916016,98.6211700439453,99.0725708007813,99.4749298095703,100,99.9341583251953,99.9896240234375,99.9994964599609,100,100,100,100,100,100,100,100,100
Sub-Saharan Africa (excluding high income),SSA,Access to electricity (% of population),23.41289161707,19.2033159005441,19.7819836815651,20.7612220052624,21.3080681782183,22.4101021977706,22.7870494580573,24.1229901829148,24.7407645043554,26.2981310388775,26.5088972405274,27.0696449953201,27.7956152818887,29.4324936080828,29.3158420755873,29.3645911938704,30.4986589853837,31.5447397495141,31.6707603071753,32.1619409291584,32.1893317933745,34.561321249688,35.0468875581413,35.4602230978705,37.3762035066916
South Sudan,SSD,Access to electricity (% of population),,,,,,,,,,,,,0.0148144587874413,0.0505164191126823,0.170616418123245,0.418240964412689,0.754298448562622,1.20177948474884,1.65975952148438,3,1.5,3.0791974067688,3.56167602539063,4.04590463638306,4.53042507171631
Sub-Saharan Africa,SSF,Access to electricity (% of population),23.4252237620868,19.2131019667523,19.7913884907706,20.7704919642455,21.3171562273779,22.4191547400667,22.7960046564805,24.1316261842906,24.749372861429,26.3065418888587,26.5171877004984,27.0777093311785,27.8037664647946,29.439993784959,29.3231589065413,29.3717827105179,30.5060329216013,31.5515827497635,31.6775986822534,32.1686128583173,32.1959656590545,34.5674973184174,35.0529808784414,35.4661593857045,37.3820354469191
Small states,SST,Access to electricity (% of population),63.7582540402446,60.8504989629552,60.3197149409976,60.8582993946971,61.639230141863,62.465801592518,63.8404006170583,64.1527381152272,60.5081172340025,61.5545121308405,62.8106432381681,64.3860498660982,65.1956318872109,66.0956591947275,64.4062479155866,65.5228500618075,66.3135502251674,67.7439520211935,68.7960043599495,69.8572542442111,71.0367184285788,72.0784695713169,73.1993293221811,74.0128110458011,75.1937715342008
Sao Tome and Principe,STP,Access to electricity (% of population),42.4764633178711,43.417854309082,44.3587951660156,45.2970314025879,46.2298545837402,47.1545600891113,48.0684432983398,48.9687995910645,49.8529205322266,50.7192001342773,52.9,52.410530090332,53.2433815002441,54.072883605957,54.9029426574707,55.7374534606934,56.5803108215332,57.4344787597656,58.2991485595703,56.9,60.052978515625,60.9386444091797,57.9,62.7187271118164,68.6
Suriname,SUR,Access to electricity (% of population),96.9128875732422,97.2309188842773,97.5485000610352,97.8633728027344,98.166748046875,98.466064453125,98.7545776367188,99.0297546386719,99.289794921875,99.62406,99.7398681640625,99.8902053833008,99.9692916870117,99.9955139160156,99.9998474121094,100,100,100,100,100,100,100,100,100,100
Slovak Republic,SVK,Access to electricity (% of population),100,100,100,100,100,100,100,100,100,100,100,100,100,100,100,100,100,100,100,100,100,100,100,100,100
Slovenia,SVN,Access to electricity (% of population),100,100,100,100,100,100,100,100,100,100,100,100,100,100,100,100,100,100,100,100,100,100,100,100,100
Sweden,SWE,Access to electricity (% of population),100,100,100,100,100,100,100,100,100,100,100,100,100,100,100,100,100,100,100,100,100,100,100,100,100
Swaziland,SWZ,Access to electricity (% of population),,0.198802053928375,0.830069422721863,1.30923807621002,4.29790353775024,7.27845144271851,10.248176574707,13.2043724060059,16.1443328857422,19.0664539337158,21.9735336303711,26.9,27.7581615447998,30.6435089111328,33.5294075012207,36.4197578430176,35.2,42.2284698486328,45.1489791870117,48.0782356262207,51.0144920349121,53.9560012817383,56.901008605957,59.8477630615234,65
Sint Maarten (Dutch part),SXM,Access to electricity (% of population),100,100,100,100,100,100,100,100,100,100,100,100,100,100,100,100,100,100,100,100,100,100,100,100,100
Seychelles,SYC,Access to electricity (% of population),89.2857971191406,89.7740631103516,90.2618713378906,90.7469787597656,90,91.6982574462891,92.1590118408203,92,93.037223815918,93.4503784179688,93.8484878540039,94.2354507446289,96.1,94.9915542602539,95.3684768676758,95.7498626708984,99,96.5406341552734,96.9521713256836,97.3724594116211,97,98.2322845458984,98.6683197021484,98,99.5441818237305
Syrian Arab Republic,SYR,Access to electricity (% of population),77.0685958862305,77.9116973876953,78.7543563842773,79.5943069458008,80.4288482666016,81.2552719116211,82.0708694458008,82.872932434082,83.6587677001953,84.4267654418945,85.1797180175781,85.9215240478516,86.6,87.3873138427734,88.1190872192383,88.8553085327148,89.5998840332031,90.3557662963867,91.1221466064453,91.8972778320313,92.7,93.4667892456055,94.2576751708984,95.0503005981445,95.8432235717773
Turks and Caicos Islands,TCA,Access to electricity (% of population),88.7,90.5669860839844,90.8221588134766,91.0746231079102,91.3216781616211,91.5606155395508,91.7887268066406,92.0033111572266,92.20166015625,92.3821640014648,95.6,92.7019577026367,92.8490371704102,92.9927749633789,93.1370620727539,93.2857971191406,93.4428863525391,93.6112823486328,93.7901840209961,93.9778289794922,94.1724700927734,94.3723678588867,93.1,94.7809066772461,94.9863433837891
Chad,TCD,Access to electricity (% of population),,0.0316144376993179,0.110866963863373,0.301871508359909,0.581031799316406,1.00856411457062,1.42527318000793,2.3,2.21539855003357,2.58450412750244,2.93856763839722,3.28148818016052,3.61716413497925,3.94949460029602,3.5,4.619713306427,4.96539878845215,5.32239246368408,5.68988513946533,6.06612730026245,6.4,6.83786058425903,7.22985172271729,7.62359285354614,8.01762580871582
East Asia & Pacific (IDA & IBRD countries),TEA,Access to electricity (% of population),81.7181072946657,80.5092907557702,82.7999509222813,82.3762720962629,83.790404582351,84.8112080258258,86.0318180263215,87.3242836157422,88.1580671854725,88.9610500614046,89.7554698017784,90.2620547034863,90.9476150307312,91.407413240532,92.0643283593942,92.5005496291302,93.3875071129281,93.8485175801361,94.5914973113678,95.1880561070351,95.86718131697,96.2063102805339,96.5976500924326,96.745615404075,96.984226772493
Europe & Central Asia (IDA & IBRD countries),TEC,Access to electricity (% of population),96.6709302916192,96.8610616890278,97.0523964264806,97.2468472030125,97.4421063428399,97.6909828022679,97.8395819445537,98.0133357904827,98.1938089987238,98.2736392063439,98.5351051707373,98.7062929697399,98.8674670442206,99.0263052392025,99.1600755270377,99.3175122485257,99.4564108976606,99.6288393868221,99.7376484454689,99.8545291339659,99.9582343713536,99.9635068950562,99.9740710097522,99.9906331443743,99.9972194004058
Togo,TGO,Access to electricity (% of population),,0.973318338394165,2.11787891387939,4.13122892379761,6.13916683197021,8.13898754119873,10.1279850006104,12.1034536361694,15.3,16.0040817260742,16.97,19.8456420898438,21.7536067962646,23.6582260131836,25.5633983612061,27.4730205535889,27.9,31.3202781677246,33.2600593566895,35.2085914611816,37.164119720459,39.7,41.0891799926758,43.0552101135254,45.7
Thailand,THA,Access to electricity (% of population),65.1566696166992,66.919059753418,68.6809921264648,70.4402236938477,72.1940460205078,73.9397430419922,75.6746215820313,77.3959655761719,79.1010818481445,80.7883529663086,82.1,84.1216735839844,85.775520324707,87.4260177612305,89.0770721435547,90.7325744628906,92.3964309692383,94.0715942382813,95.7572555541992,97.45166015625,99.7,99.4963073730469,99.8807830810547,99.9867706298828,100
Tajikistan,TJK,Access to electricity (% of population),96.7918472290039,96.9859237670898,97.1795501708984,97.3704681396484,97.5559768676758,97.7333679199219,97.8999404907227,98.052978515625,98.1897811889648,97,98.4126663208008,98.5054473876953,99,100,98.7559204101563,99.3,98.9386596679688,99.0455093383789,99.1628646850586,99,99.4220657348633,99.560417175293,99.1,99.8458633422852,99.9897613525391
Turkmenistan,TKM,Access to electricity (% of population),98.1540908813477,98.3156127929688,98.4758148193359,98.6328811645508,98.7844467163086,98.9278869628906,99.0605163574219,99.1798248291016,99.2839889526367,99.3726501464844,99.6,99.5111083984375,99.5676422119141,99.6208343505859,99.674560546875,99.7325592041016,99.7972946166992,99.8662643432617,99.928955078125,99.9724655151367,100,99.9992218017578,100,100,100
Latin America & the Caribbean (IDA & IBRD countries),TLA,Access to electricity (% of population),85.2949605320171,86.445808120985,86.6696971607893,87.4273613531152,88.2819600149191,88.4217464670114,89.3553370738372,89.9183245521025,90.5877395599889,91.1996627557086,91.5639966993398,91.913809745102,92.4569768935509,92.8176920734519,93.0947185352042,93.4915372931107,94.1765396939926,94.5807595138258,95.2265381146258,95.5372748997696,95.9318124308347,96.2439410017118,96.5426311043368,96.9682178597543,96.9464511414454
Timor-Leste,TLS,Access to electricity (% of population),8.6056547164917,10.1987600326538,11.7914142608643,13.3813629150391,14.9658994674683,16.5423183441162,18.1079158782959,19.6599826812744,21.1958160400391,22.7138080596924,24.2167587280273,25.6,27.1931304931641,27.7,30.1561183929443,31.6423397064209,33.1369132995605,36.6,36.1591758728027,37.6843032836914,38,40.7538108825684,42.2946891784668,43.8373184204102,45.3802375793457
Middle East & North Africa (IDA & IBRD countries),TMN,Access to electricity (% of population),85.112529366115,85.6562349448742,86.0238225062456,86.6843902486099,87.0596051864956,87.5575163098198,88.2051248071456,88.5456084813313,89.3084171116439,89.8288680396035,90.4696398153442,90.8602121453463,91.3186363659272,91.9934081290549,92.1832402382953,92.9299409534511,93.2410097501509,93.6415607175345,94.2184301227507,94.5678307539875,95.0335340274463,95.4400197088408,95.8779690215784,96.6620981976455,96.4492292274321
Tonga,TON,Access to electricity (% of population),77.783821105957,78.5724792480469,79.3606872558594,80.1461944580078,80,81.6982650756836,82.4594192504883,83.2070388793945,83.9384307861328,84.6519775390625,85.3504867553711,86.0378494262695,86.7179641723633,87.3947372436523,88.0720672607422,88.7538452148438,92.3,90.1454086303711,90.8573455810547,91.5780334472656,92.3057174682617,92.175456108246,92.8,94.5132675170898,95.2517471313477
South Asia (IDA & IBRD),TSA,Access to electricity (% of population),42.9080044526201,43.6559582309496,45.3050631865162,47.9663873467834,48.5186393147491,50.0881061152919,51.8193384233215,53.1061916333759,54.7303125527421,57.1156106410404,57.2196060838692,54.660278991401,60.3014926215434,61.7470554330366,62.7365176143067,65.1973428180215,66.6577476296342,68.436641429748,69.9360824085819,73.9705685634326,75.2570568288215,69.6565482818931,79.3798979616681,78.0769886621284,80.05801173366
Sub-Saharan Africa (IDA & IBRD countries),TSS,Access to electricity (% of population),23.4252237620868,19.2131019667523,19.7913884907706,20.7704919642455,21.3171562273779,22.4191547400667,22.7960046564805,24.1316261842906,24.749372861429,26.3065418888587,26.5171877004985,27.0777093311785,27.8037664647946,29.439993784959,29.3231589065413,29.3717827105179,30.5060329216012,31.5515827497635,31.6775986822534,32.1686128583173,32.1959656590545,34.5674973184174,35.0529808784414,35.4661593857045,37.3820354469191
Trinidad and Tobago,TTO,Access to electricity (% of population),82.4165496826172,83.3455123901367,84.2740249633789,85.1998291015625,86.1202163696289,87.0324935913086,87.9339447021484,88.8218688964844,89.6935577392578,90.5474014282227,91.29,92.2138748168945,93.0342864990234,93.8513641357422,94.6689910888672,95.4910659790039,96.3214950561523,97.1632308959961,98.0123596191406,99,99.4264221191406,99.8037567138672,99.9584808349609,99.9960021972656,100
Tunisia,TUN,Access to electricity (% of population),88.0091171264648,88.6704711914063,89.3313674926758,89.9895553588867,86.8,88.7,90.4,92,93.2,94.2,94.8,97.3,97.8,98.4,99,99.3,99.4,99.4,99.4,99.5,99.5,99.5,99.5,99.7,99.8
Turkey,TUR,Access to electricity (% of population),88.1474685668945,88.8023147583008,89.4567184448242,90.1084060668945,90.7546920776367,91.3928527832031,92.0201950073242,92.6340103149414,93.2315902709961,93.8113250732422,94.3760223388672,94.929573059082,95.4758834838867,96.0188446044922,96.5623626708984,97.1103286743164,97.6666488647461,98.241943359375,98.8096923828125,99.330322265625,100,99.9235229492188,99.9899749755859,99.9998931884766,100
Tuvalu,TUV,Access to electricity (% of population),90.656867980957,91.0457534790039,91.4341888427734,91.8199234008789,92.2002410888672,92.5724411010742,92.9338226318359,93.2816696166992,93.6132888793945,93.9270629882813,94.2257919311523,94.5133819580078,94.6297831632653,95.0707321166992,95.3482818603516,95.6302871704102,95.9206390380859,96.7,96.5344696044922,96.8553771972656,97.1832885742188,97.5164489746094,97.671777399205,98.191520690918,98.5302200317383
Tanzania,TZA,Access to electricity (% of population),5.32657623291016,5.81136035919189,6.8,6.77732086181641,7.25353622436523,7.72163486480713,9.4,8.62265586853027,9.05016708374023,8,9.85446834564209,10.2379541397095,10.6141967773438,11.1,11.4,11.7384433746338,12.1246948242188,12.5222539901733,11.5,11.2,14.8,14.2,15.3,16.4,15.5014495849609
Uganda,UGA,Access to electricity (% of population),2.96298670768738,5.6,4.10904932022095,4.67914915084839,5.24383735656738,6.8,6.34615612030029,6.87837505340576,7.39435863494873,7.892502784729,8.37560558319092,8.6,7.8,9.77364826202393,10.2355699539185,8.9,9,11.6627006530762,12.1592321395874,10,13.1767930984497,14.6,14.215353012085,13.9,20.4
Ukraine,UKR,Access to electricity (% of population),90.1920394897461,90.8176040649414,91.4427185058594,92.0651168823242,92.6821136474609,93.2909927368164,93.889045715332,94.4735641479492,95.0418548583984,95.5923080444336,96.1277160644531,96.6519775390625,97.1689987182617,97.6826705932617,98.2002258300781,98.7164840698242,99.2056884765625,99.8,99.8575897216797,99.9676361083984,99.99658203125,100,100,100,100
Upper middle income,UMC,Access to electricity (% of population),89.2420801119138,89.8881322504144,90.3139820876938,90.8653284599479,91.4328444746536,91.9015797097079,92.3258052751182,92.9546282499346,93.398875025626,93.9509289247991,94.3701950238301,94.7856391650724,95.3771373914802,95.7711864294683,96.1946107684252,96.6325349656738,97.0401127683571,97.4977552483308,97.9510386752552,98.3571170769687,98.8777302631929,99.0207255824859,99.1710477113946,99.291025084653,99.3112807262032
Uruguay,URY,Access to electricity (% of population),95.7396545410156,95.9685440063477,96.1969909667969,96.4227294921875,96.6430511474609,96.8552627563477,97.056640625,97.244499206543,97.4161224365234,97.5699005126953,97.7086410522461,97.8362350463867,97.9565887451172,98.0735931396484,98.1911544799805,98.3131637573242,98.505426,98.692636,98.784355,98.8982772827148,99.0661926269531,99.17,99.4160308837891,99.611808,99.657085
United States,USA,Access to electricity (% of population),100,100,100,100,100,100,100,100,100,100,100,100,100,100,100,100,100,100,100,100,100,100,100,100,100
Uzbekistan,UZB,Access to electricity (% of population),98.392822265625,98.5649337768555,98.7365951538086,98.9055480957031,99.069091796875,99.2245178222656,99.6,99.5001983642578,99.6150360107422,99.7120361328125,99.7939910888672,99.8648071289063,99.7,99.9886016845703,100,100,100,100,100,100,100,100,100,100,100
St. Vincent and the Grenadines,VCT,Access to electricity (% of population),65.9001922607422,66.8,68.7813873291016,70.2190551757813,71.6513137817383,73.0754547119141,74.48876953125,75.8885498046875,77.272102355957,78.6378173828125,79.9884796142578,82.41,82.6602935791016,83.9892272949219,85.318717956543,86.6526565551758,87.9949493408203,88.79,90.712646484375,92.0854949951172,93.4653396606445,94.8504409790039,96.2390365600586,97.6293792724609,99.02001953125
"Venezuela, RB",VEN,Access to electricity (% of population),97.4855117797852,97.6139373779297,97.820203,97.8671798706055,97.9870376586914,98.0987777709961,98.1996994018555,98.2870864868164,98.3582382202148,98.4115524291992,98.449821472168,98.4769515991211,98.4968338012695,98.5133743286133,98.5304641723633,98.5520095825195,98.581901550293,98.6231002807617,98.6748046875,98.7352523803711,98.8027038574219,98.84,98.9516067504883,99.0295562744141,99.107795715332
British Virgin Islands,VGB,Access to electricity (% of population),,,,,,,,,,,,,,,,,,,,,,,,,
Virgin Islands (U.S.),VIR,Access to electricity (% of population),100,100,100,100,100,100,100,100,100,100,100,100,100,100,100,100,100,100,100,100,100,100,100,100,100
Vietnam,VNM,Access to electricity (% of population),73.8577575683594,75.1133270263672,76.3684463500977,77.6208572387695,78.8678588867188,80.1067352294922,81.3348007202148,78.4,83.7476272583008,84.9280776977539,86.0934906005859,87.2477645874023,89.1,89.5384750366211,90.6827087402344,96.1,96,94.1567687988281,95.3356170654297,96.1,97.7177963256836,99,100,100,99.2
Vanuatu,VUT,Access to electricity (% of population),12.9690532684326,13.9257345199585,14.8819646835327,15.835488319397,18,17.723596572876,18.6527690887451,19.5684108734131,20.4678192138672,19.1,22.2159156799316,23.0712985992432,23.9194374084473,24.7642307281494,25.6095771789551,26.4593753814697,26.44,28.1869792938232,29.0669364929199,33.2911151921981,30.8513450622559,31.7523002624512,32.6567535400391,31.7,34.4694557189941
World,WLD,Access to electricity (% of population),73.4527601323401,71.5456365998703,72.4774906694781,72.9885579302891,73.5501665168176,74.440870836691,75.2022432797474,75.9492734729433,76.5748807972919,77.3918519095864,77.61166378659,77.1524650159606,78.6218153171091,79.1814543456236,79.5533762493514,80.197808796769,80.8741657515847,81.4865152271372,82.0232860603152,83.1193361850453,83.5481334573421,82.5308477285114,84.9530407590603,84.684765972459,85.3376122628484
Samoa,WSM,Access to electricity (% of population),77.7390594482422,78.8,79.6976852416992,80.6740646362305,80,82.6078872680664,83.5599136352539,84.4984130859375,85.4206771850586,86.3251037597656,87.214485168457,88.0927276611328,88.9637222290039,89.8313751220703,90.699577331543,91.5722274780273,96.3717297274598,93.3455505371094,94.2483596801758,95.1599197387695,96.078483581543,96.6685746994848,97.9296035766602,98.8586654663086,97.9
Kosovo,XKX,Access to electricity (% of population),87.0934066772461,87.7511520385742,88.4084396362305,89.0630187988281,89.7121887207031,90.3532409667969,90.9834671020508,91.6001739501953,92.2006378173828,92.7832641601563,93.3508453369141,93.9072875976563,94.4564819335938,95.0023345947266,95.5487365722656,96.0995941162109,96.6587982177734,97.2293167114258,97.8103256225586,98.4021453857422,99,99.4553298950195,99.7869415283203,99.9467163085938,100
"Yemen, Rep.",YEM,Access to electricity (% of population),35.1714210510254,36.7684860229492,44.1,39.9590034484863,41.5475006103516,43.1278800964355,44.6974334716797,42.6,47.7932510375977,49.3152008056641,50.8221130371094,52.3178787231445,53.8064002990723,55.291576385498,49.59,58.2674865722656,59.7660179138184,61.2758560180664,62.7961959838867,64.3252868652344,65.8613739013672,67.4027099609375,68.9475479125977,75.6,72.041015625
South Africa,ZAF,Access to electricity (% of population),56.5061912536621,57.9426612854004,59.3786849975586,60.8120002746582,62.2399063110352,63.6596908569336,57.6,66.4640884399414,64.9,69.2046508789063,70.5509719848633,70.2,77.1,78.8,80.9,80.9,80.7,82,81.9,82.7,82.9,84.7,85.3,85.4,86
Zambia,ZMB,Access to electricity (% of population),13.9,14.7759714126587,19.2,15.7016658782959,16.1577491760254,16.605712890625,17.3,17.4664688110352,17.8738460540771,18.2633857727051,16.7,19.0012340545654,17.4,18.5,20.3,20.4211902618408,20.7873096466064,18.5,21.552661895752,21.9493370056152,22,22.7619361877441,23.1743602752686,23.5885334014893,27.9
Zimbabwe,ZWE,Access to electricity (% of population),29.888858795166,30.2371044158936,28.2,30.9299907684326,28.1,31.6012287139893,31.9219665527344,32.229175567627,32.520149230957,38.4,33.0513763427734,33.2983245849609,34.2,33.7743873596191,34.0112991333008,34.2526626586914,37.2,34.7633972167969,35.0349197387695,35.3151893615723,35.6024589538574,36.9,36.1910018920898,36.48876953125,32.3